"Chaperon","n_potential","n_affirmed","affirm_percentage","p_value","n_missed","missed_percentage"
"HSPD1",691,202,29.232995658466,0,60,22.9007633587786
"TRAP1",716,87,12.1508379888268,0,13,13
"CLPP",556,107,19.2446043165468,0.034,89,45.4081632653061
