"chaperone","percentage","p_value"
"HSPA9",9.07643312101911,0
"HSPD1",31.2590448625181,0
"HSPE1",5.84795321637427,0
"SPG7",0.1669449081803,0.5384
"CLPP",7.73381294964029,0
"DNAJA3",2.00267022696929,1e-04
"LONP1",14.9253731343284,0
"TRAP1",4.32960893854749,0
"YME1L1",3.52422907488987,0
"CLPX",4.15800415800416,0
"AFG3L2",9.52380952380952,0
"HTRA2",4.14878397711016,0
"DNAJC19",1.01651842439644,0
"GRPEL2",0.958466453674121,0
"HSCB",21.2837837837838,0
